family,model,mae,rmse,mape,smape,mase,training_time_seconds,prediction_time_seconds
Machine Learning,Random Forest,0.0335590711795675,1.0434908692075076,0.0026053199974598,0.0025623022921524,0.000295935893526,10.580783400000657,0.0637117999995098
Machine Learning,XGBoost,1.1113588396422729,2.688060778547422,0.0756278734751469,0.0755721160001907,0.0098003597738968,2.701997199999824,0.0105536999999458
Statistical,"ARIMA(2,1,2)",79.85853731844163,100.36777915671452,5.377366337758267,5.3376632741175865,,,
Statistical,"SARIMA(1,1,1)(1,1,1,24)",80.02442603762141,100.59141231402371,5.377545279488716,5.34873923857279,,,
Deep Learning,LSTM,80.29759160415469,100.91679893255844,5.391555431358619,5.367067669080672,0.7081139215651284,17.679852699999174,1.0674333999995724
Baseline,Moving average (24h),81.33247049040119,102.4599400490562,5.473646943445468,5.435825692686145,0.7170413584644147,,
Baseline,Seasonal naive (previous week),113.315391344446,141.64340954697587,7.608635115581867,7.574781973700604,0.9990084114577292,,
Baseline,Seasonal naive (previous day),112.9410084684279,142.2373619924885,7.588907369719798,7.550212514551151,0.9957077862045284,,
Baseline,Naive (previous hour),114.12599941971634,143.1619199333539,7.65964639475924,7.623722907491601,1.006154874757927,,
