model,peak_threshold,n_peak_hours,peak_mae
Random Forest,1666.2252970625,355,0.12935538666187582
XGBoost,1666.2252970625,355,3.3148649812940136
Seasonal naive (previous day),1665.88109825,357,205.84393141939776
"ARIMA(2,1,2)",1665.88109825,357,206.62871135111726
Seasonal naive (previous week),1665.88109825,357,206.88508774635855
Moving average (24h),1665.88109825,357,207.91220874712593
"SARIMA(1,1,1)(1,1,1,24)",1665.88109825,357,210.0839256515718
LSTM,1666.2252970625,355,211.2424356183948
Naive (previous hour),1665.88109825,357,219.89089989292714
