timestamp,actual,predicted,model
2026-06-03 12:00:00,19526.5,20188.412,XGBoost
2026-06-03 13:00:00,19143.0,20554.74,XGBoost
2026-06-03 14:00:00,19774.5,19885.805,XGBoost
2026-06-03 15:00:00,21329.5,21095.34,XGBoost
2026-06-03 16:00:00,24228.5,23901.988,XGBoost
2026-06-03 17:00:00,27140.0,26758.256,XGBoost
2026-06-03 18:00:00,28899.5,28975.842,XGBoost
2026-06-03 19:00:00,28472.5,29600.334,XGBoost
2026-06-03 20:00:00,27455.0,27597.227,XGBoost
2026-06-03 21:00:00,26448.5,26403.055,XGBoost
2026-06-03 22:00:00,24960.5,25063.46,XGBoost
2026-06-03 23:00:00,23349.0,23290.914,XGBoost
2026-06-04 00:00:00,22359.5,22283.48,XGBoost
2026-06-04 01:00:00,21412.5,21456.285,XGBoost
2026-06-04 02:00:00,20567.0,20679.83,XGBoost
2026-06-04 03:00:00,20008.5,20132.719,XGBoost
2026-06-04 04:00:00,19899.0,20088.748,XGBoost
2026-06-04 05:00:00,20603.5,20663.69,XGBoost
2026-06-04 06:00:00,22735.5,22276.215,XGBoost
2026-06-04 07:00:00,25618.5,24850.047,XGBoost
2026-06-04 08:00:00,26088.0,25913.941,XGBoost
2026-06-04 09:00:00,24493.0,23581.068,XGBoost
2026-06-04 10:00:00,22943.5,22434.99,XGBoost
2026-06-04 11:00:00,22091.5,21451.93,XGBoost
2026-06-04 12:00:00,22228.0,21360.174,XGBoost
2026-06-04 13:00:00,22119.0,22135.49,XGBoost
2026-06-04 14:00:00,22057.5,22086.557,XGBoost
2026-06-04 15:00:00,23287.5,22198.367,XGBoost
2026-06-04 16:00:00,25959.5,24678.191,XGBoost
2026-06-04 17:00:00,28822.0,28741.607,XGBoost
2026-06-04 18:00:00,30304.5,30740.803,XGBoost
2026-06-04 19:00:00,29838.5,31195.828,XGBoost
2026-06-04 20:00:00,28762.0,28839.285,XGBoost
2026-06-04 21:00:00,27668.5,27593.209,XGBoost
2026-06-04 22:00:00,25867.0,26033.469,XGBoost
2026-06-04 23:00:00,23990.0,24112.988,XGBoost
2026-06-05 00:00:00,22795.0,22878.865,XGBoost
2026-06-05 01:00:00,21779.0,21833.027,XGBoost
2026-06-05 02:00:00,20711.5,20913.953,XGBoost
2026-06-05 03:00:00,20176.5,20302.443,XGBoost
2026-06-05 04:00:00,20172.0,20189.592,XGBoost
2026-06-05 05:00:00,20904.0,20973.502,XGBoost
2026-06-05 06:00:00,22936.5,22754.877,XGBoost
2026-06-05 07:00:00,25787.0,25287.959,XGBoost
2026-06-05 08:00:00,26781.5,26137.229,XGBoost
2026-06-05 09:00:00,24899.0,25736.352,XGBoost
2026-06-05 10:00:00,22232.0,23187.197,XGBoost
2026-06-05 11:00:00,20166.0,20805.336,XGBoost
2026-06-05 12:00:00,19245.5,19911.01,XGBoost
2026-06-05 13:00:00,19260.0,18992.93,XGBoost
2026-06-05 14:00:00,19939.0,19325.678,XGBoost
2026-06-05 15:00:00,21644.0,21009.941,XGBoost
2026-06-05 16:00:00,24521.5,24500.084,XGBoost
2026-06-05 17:00:00,27460.0,26739.771,XGBoost
2026-06-05 18:00:00,28891.0,28841.947,XGBoost
2026-06-05 19:00:00,28355.5,29389.137,XGBoost
2026-06-05 20:00:00,27536.0,27112.904,XGBoost
2026-06-05 21:00:00,26746.5,26686.246,XGBoost
2026-06-05 22:00:00,25420.5,25453.162,XGBoost
2026-06-05 23:00:00,24079.5,23986.54,XGBoost
2026-06-06 00:00:00,23080.5,22979.793,XGBoost
2026-06-06 01:00:00,22012.0,21844.43,XGBoost
2026-06-06 02:00:00,20860.5,21066.717,XGBoost
2026-06-06 03:00:00,20229.0,20460.275,XGBoost
2026-06-06 04:00:00,19980.0,20198.396,XGBoost
2026-06-06 05:00:00,20243.5,20432.787,XGBoost
2026-06-06 06:00:00,21108.5,21454.38,XGBoost
2026-06-06 07:00:00,22590.0,21620.965,XGBoost
2026-06-06 08:00:00,22949.0,22896.484,XGBoost
2026-06-06 09:00:00,21555.5,22231.87,XGBoost
2026-06-06 10:00:00,19394.5,20328.729,XGBoost
2026-06-06 11:00:00,17962.0,18472.078,XGBoost
2026-06-06 12:00:00,17170.5,16895.607,XGBoost
2026-06-06 13:00:00,16803.5,16651.135,XGBoost
2026-06-06 14:00:00,17070.0,17170.93,XGBoost
2026-06-06 15:00:00,18851.0,18721.541,XGBoost
2026-06-06 16:00:00,21803.0,21259.512,XGBoost
2026-06-06 17:00:00,25080.5,24418.248,XGBoost
2026-06-06 18:00:00,26841.0,27994.629,XGBoost
2026-06-06 19:00:00,26420.5,27191.59,XGBoost
2026-06-06 20:00:00,25813.0,26167.398,XGBoost
2026-06-06 21:00:00,25277.0,25049.928,XGBoost
2026-06-06 22:00:00,24292.0,24190.703,XGBoost
2026-06-06 23:00:00,23269.5,22964.508,XGBoost
2026-06-07 00:00:00,22399.5,22085.418,XGBoost
2026-06-07 01:00:00,21357.5,21416.113,XGBoost
2026-06-07 02:00:00,20297.0,20403.459,XGBoost
2026-06-07 03:00:00,19677.0,19794.564,XGBoost
2026-06-07 04:00:00,19550.0,19461.137,XGBoost
2026-06-07 05:00:00,19752.0,19695.09,XGBoost
2026-06-07 06:00:00,20403.0,20096.191,XGBoost
2026-06-07 07:00:00,21603.0,20941.002,XGBoost
2026-06-07 08:00:00,22099.0,21204.428,XGBoost
2026-06-07 09:00:00,20891.0,20636.588,XGBoost
2026-06-07 10:00:00,18961.5,19585.242,XGBoost
2026-06-07 11:00:00,17590.0,17686.512,XGBoost
2026-06-07 12:00:00,16693.0,17234.668,XGBoost
2026-06-07 13:00:00,16457.0,16497.838,XGBoost
2026-06-07 14:00:00,17152.5,16890.182,XGBoost
2026-06-07 15:00:00,19048.0,18315.11,XGBoost
2026-06-07 16:00:00,21852.5,21755.262,XGBoost
2026-06-07 17:00:00,24869.5,24394.613,XGBoost
2026-06-07 18:00:00,26610.5,27129.584,XGBoost
2026-06-07 19:00:00,26210.0,27248.844,XGBoost
2026-06-07 20:00:00,25542.5,25650.197,XGBoost
2026-06-07 21:00:00,24846.5,24616.771,XGBoost
2026-06-07 22:00:00,23790.5,23450.164,XGBoost
2026-06-07 23:00:00,22529.5,22614.512,XGBoost
2026-06-08 00:00:00,21759.0,21725.299,XGBoost
2026-06-08 01:00:00,20879.0,20776.947,XGBoost
2026-06-08 02:00:00,19987.0,20068.691,XGBoost
2026-06-08 03:00:00,19473.0,19469.484,XGBoost
2026-06-08 04:00:00,19498.5,19654.238,XGBoost
2026-06-08 05:00:00,19941.5,20248.086,XGBoost
2026-06-08 06:00:00,21082.5,21848.008,XGBoost
2026-06-08 07:00:00,22688.5,22104.5,XGBoost
2026-06-08 08:00:00,23021.0,22935.928,XGBoost
2026-06-08 09:00:00,21874.0,21802.54,XGBoost
2026-06-08 10:00:00,19862.5,20892.43,XGBoost
2026-06-08 11:00:00,18266.0,18843.96,XGBoost
2026-06-08 12:00:00,17494.5,17453.346,XGBoost
2026-06-08 13:00:00,17484.0,16946.445,XGBoost
2026-06-08 14:00:00,18017.5,17985.506,XGBoost
2026-06-08 15:00:00,19637.0,19236.088,XGBoost
2026-06-08 16:00:00,22586.0,21800.336,XGBoost
2026-06-08 17:00:00,25920.5,25582.611,XGBoost
2026-06-08 18:00:00,27919.0,27777.752,XGBoost
2026-06-08 19:00:00,27563.5,27790.69,XGBoost
2026-06-08 20:00:00,26654.5,26941.938,XGBoost
2026-06-08 21:00:00,25741.0,25757.143,XGBoost
2026-06-08 22:00:00,24282.5,24245.816,XGBoost
2026-06-08 23:00:00,22877.0,22921.371,XGBoost
2026-06-09 00:00:00,22046.0,21959.518,XGBoost
2026-06-09 01:00:00,21162.5,21134.125,XGBoost
2026-06-09 02:00:00,20352.0,20213.793,XGBoost
2026-06-09 03:00:00,19900.5,19740.824,XGBoost
2026-06-09 04:00:00,19767.5,19739.22,XGBoost
2026-06-09 05:00:00,20549.0,20404.55,XGBoost
2026-06-09 06:00:00,22696.0,22287.023,XGBoost
2026-06-09 07:00:00,26114.0,24384.822,XGBoost
2026-06-09 08:00:00,27345.5,25882.545,XGBoost
2026-06-09 09:00:00,25410.0,25516.496,XGBoost
2026-06-09 10:00:00,23442.5,23368.281,XGBoost
2026-06-09 11:00:00,21769.0,21449.459,XGBoost
2026-06-09 12:00:00,20813.0,20711.598,XGBoost
2026-06-09 13:00:00,20451.0,20594.291,XGBoost
2026-06-09 14:00:00,20908.5,20927.355,XGBoost
2026-06-09 15:00:00,21669.5,22858.434,XGBoost
2026-06-09 16:00:00,24192.5,23951.021,XGBoost
2026-06-09 17:00:00,27220.5,27000.775,XGBoost
2026-06-09 18:00:00,29125.0,29757.807,XGBoost
2026-06-09 19:00:00,28677.5,29706.033,XGBoost
2026-06-09 20:00:00,27586.0,27896.434,XGBoost
2026-06-09 21:00:00,26437.0,26724.1,XGBoost
2026-06-09 22:00:00,24872.0,24743.227,XGBoost
2026-06-09 23:00:00,23270.5,23375.45,XGBoost
2026-06-10 00:00:00,22302.5,22230.307,XGBoost
2026-06-10 01:00:00,21322.0,21410.953,XGBoost
2026-06-10 02:00:00,20317.5,20617.213,XGBoost
2026-06-10 03:00:00,19769.5,19873.32,XGBoost
2026-06-10 04:00:00,19681.0,19945.848,XGBoost
2026-06-10 05:00:00,20372.0,20379.342,XGBoost
2026-06-10 06:00:00,22144.5,22678.137,XGBoost
2026-06-10 07:00:00,24955.0,24924.092,XGBoost
2026-06-10 08:00:00,25684.0,25754.041,XGBoost
2026-06-10 09:00:00,24410.5,25631.66,XGBoost
2026-06-10 10:00:00,23165.0,23161.361,XGBoost
2026-06-10 11:00:00,22323.0,21676.139,XGBoost
2026-06-10 12:00:00,21834.5,21474.38,XGBoost
2026-06-10 13:00:00,21861.0,21121.13,XGBoost
2026-06-10 14:00:00,21947.5,21820.219,XGBoost
2026-06-10 15:00:00,22970.5,22563.455,XGBoost
2026-06-10 16:00:00,24880.0,24377.826,XGBoost
2026-06-10 17:00:00,26939.0,27305.264,XGBoost
2026-06-10 18:00:00,28144.5,28832.15,XGBoost
2026-06-10 19:00:00,27745.0,28063.055,XGBoost
2026-06-10 20:00:00,26893.5,27293.582,XGBoost
2026-06-10 21:00:00,25887.5,25995.268,XGBoost
2026-06-10 22:00:00,24415.5,24658.342,XGBoost
2026-06-10 23:00:00,23021.0,23396.514,XGBoost
2026-06-11 00:00:00,22166.0,21992.043,XGBoost
2026-06-11 01:00:00,21307.5,21283.166,XGBoost
2026-06-11 02:00:00,20357.5,20736.684,XGBoost
2026-06-11 03:00:00,19791.0,20048.973,XGBoost
2026-06-11 04:00:00,19712.0,19995.223,XGBoost
2026-06-11 05:00:00,20464.0,20665.01,XGBoost
2026-06-11 06:00:00,22273.5,22853.006,XGBoost
2026-06-11 07:00:00,25156.0,25002.945,XGBoost
2026-06-11 08:00:00,26599.0,26527.06,XGBoost
2026-06-11 09:00:00,25202.0,25807.295,XGBoost
2026-06-11 10:00:00,23457.0,23956.258,XGBoost
2026-06-11 11:00:00,21869.0,21862.744,XGBoost
2026-06-11 12:00:00,21036.0,21109.842,XGBoost
2026-06-11 13:00:00,20328.0,20630.785,XGBoost
2026-06-11 14:00:00,20577.5,20549.074,XGBoost
2026-06-11 15:00:00,21914.0,21617.783,XGBoost
2026-06-11 16:00:00,24013.0,24664.645,XGBoost
2026-06-11 17:00:00,26320.0,26702.72,XGBoost
2026-06-11 18:00:00,28021.5,28560.908,XGBoost
2026-06-11 19:00:00,27862.0,28183.729,XGBoost
2026-06-11 20:00:00,26975.5,27032.531,XGBoost
2026-06-11 21:00:00,26022.0,25877.271,XGBoost
2026-06-11 22:00:00,24594.0,24892.43,XGBoost
2026-06-11 23:00:00,23218.5,23384.354,XGBoost
2026-06-12 00:00:00,22337.5,22349.13,XGBoost
2026-06-12 01:00:00,21356.0,21571.742,XGBoost
2026-06-12 02:00:00,20341.5,20813.836,XGBoost
2026-06-12 03:00:00,19890.0,19980.475,XGBoost
2026-06-12 04:00:00,19755.5,19988.064,XGBoost
2026-06-12 05:00:00,20587.0,20622.59,XGBoost
2026-06-12 06:00:00,22252.0,22756.727,XGBoost
2026-06-12 07:00:00,24934.5,24891.59,XGBoost
2026-06-12 08:00:00,25585.5,25709.188,XGBoost
2026-06-12 09:00:00,23831.0,25785.89,XGBoost
2026-06-12 10:00:00,22226.5,22222.852,XGBoost
2026-06-12 11:00:00,21314.5,20712.113,XGBoost
2026-06-12 12:00:00,20687.5,20610.777,XGBoost
2026-06-12 13:00:00,19933.0,20369.611,XGBoost
2026-06-12 14:00:00,20355.0,20193.95,XGBoost
2026-06-12 15:00:00,21733.0,21346.385,XGBoost
2026-06-12 16:00:00,23925.5,24199.443,XGBoost
2026-06-12 17:00:00,26109.5,26381.412,XGBoost
2026-06-12 18:00:00,27079.0,27785.021,XGBoost
2026-06-12 19:00:00,26428.5,26951.73,XGBoost
2026-06-12 20:00:00,25526.5,26400.578,XGBoost
2026-06-12 21:00:00,24821.0,24676.436,XGBoost
2026-06-12 22:00:00,23721.0,23577.639,XGBoost
2026-06-12 23:00:00,22577.0,22709.541,XGBoost
2026-06-13 00:00:00,21838.0,21769.121,XGBoost
2026-06-13 01:00:00,20910.0,20724.111,XGBoost
2026-06-13 02:00:00,19831.0,19934.158,XGBoost
2026-06-13 03:00:00,19215.5,19311.361,XGBoost
2026-06-13 04:00:00,18981.0,19120.225,XGBoost
2026-06-13 05:00:00,19144.0,19569.365,XGBoost
2026-06-13 06:00:00,19749.5,19837.695,XGBoost
2026-06-13 07:00:00,20942.5,20723.89,XGBoost
2026-06-13 08:00:00,21595.0,21053.818,XGBoost
2026-06-13 09:00:00,21324.0,20674.63,XGBoost
2026-06-13 10:00:00,20467.5,20431.457,XGBoost
2026-06-13 11:00:00,20072.5,19518.76,XGBoost
2026-06-13 12:00:00,20144.0,19912.643,XGBoost
2026-06-13 13:00:00,20253.0,20476.027,XGBoost
2026-06-13 14:00:00,20714.5,20748.217,XGBoost
2026-06-13 15:00:00,21932.5,21949.814,XGBoost
2026-06-13 16:00:00,23358.0,23849.736,XGBoost
2026-06-13 17:00:00,25204.5,25346.879,XGBoost
2026-06-13 18:00:00,25978.5,26586.328,XGBoost
2026-06-13 19:00:00,25339.0,26312.86,XGBoost
2026-06-13 20:00:00,24496.0,24525.783,XGBoost
2026-06-13 21:00:00,23901.5,23520.26,XGBoost
2026-06-13 22:00:00,22991.0,23060.617,XGBoost
2026-06-13 23:00:00,22089.5,21924.307,XGBoost
2026-06-14 00:00:00,21449.0,21251.373,XGBoost
2026-06-14 01:00:00,20584.0,20552.139,XGBoost
2026-06-14 02:00:00,19627.0,19756.105,XGBoost
2026-06-14 03:00:00,19061.0,19161.299,XGBoost
2026-06-14 04:00:00,18833.5,18837.408,XGBoost
2026-06-14 05:00:00,18886.5,19051.178,XGBoost
2026-06-14 06:00:00,19414.5,19326.836,XGBoost
2026-06-14 07:00:00,20443.5,19882.984,XGBoost
2026-06-14 08:00:00,21287.0,20364.16,XGBoost
2026-06-14 09:00:00,20966.5,20791.268,XGBoost
2026-06-14 10:00:00,19792.0,20089.152,XGBoost
2026-06-14 11:00:00,18911.0,19104.566,XGBoost
2026-06-14 12:00:00,18140.5,18638.81,XGBoost
2026-06-14 13:00:00,17995.0,18070.037,XGBoost
2026-06-14 14:00:00,18445.5,18337.424,XGBoost
2026-06-14 15:00:00,20049.0,19764.05,XGBoost
2026-06-14 16:00:00,22520.0,21986.273,XGBoost
2026-06-14 17:00:00,25338.0,24994.62,XGBoost
2026-06-14 18:00:00,27163.5,26592.367,XGBoost
2026-06-14 19:00:00,26811.5,27645.293,XGBoost
2026-06-14 20:00:00,25936.5,25881.596,XGBoost
2026-06-14 21:00:00,25099.5,24826.756,XGBoost
2026-06-14 22:00:00,23812.5,23724.996,XGBoost
2026-06-14 23:00:00,22437.0,22759.727,XGBoost
2026-06-15 00:00:00,21682.0,21556.508,XGBoost
2026-06-15 01:00:00,20861.0,20720.9,XGBoost
2026-06-15 02:00:00,20016.0,20121.268,XGBoost
2026-06-15 03:00:00,19721.0,19598.195,XGBoost
2026-06-15 04:00:00,19701.0,19657.361,XGBoost
2026-06-15 05:00:00,20493.0,20746.0,XGBoost
2026-06-15 06:00:00,22516.0,21942.637,XGBoost
2026-06-15 07:00:00,25668.0,24213.828,XGBoost
2026-06-15 08:00:00,27072.0,24713.107,XGBoost
2026-06-15 09:00:00,25689.0,24192.992,XGBoost
2026-06-15 10:00:00,24171.0,23187.96,XGBoost
2026-06-15 11:00:00,22890.0,22267.863,XGBoost
2026-06-15 12:00:00,22661.5,22001.75,XGBoost
2026-06-15 13:00:00,22217.0,22047.482,XGBoost
2026-06-15 14:00:00,22020.5,21930.395,XGBoost
2026-06-15 15:00:00,23150.5,22317.658,XGBoost
2026-06-15 16:00:00,25169.5,25234.059,XGBoost
2026-06-15 17:00:00,27596.0,27532.592,XGBoost
2026-06-15 18:00:00,29125.5,29547.465,XGBoost
2026-06-15 19:00:00,28469.0,30022.574,XGBoost
2026-06-15 20:00:00,27291.5,28213.99,XGBoost
2026-06-15 21:00:00,26147.5,26863.87,XGBoost
2026-06-15 22:00:00,24523.0,24674.979,XGBoost
2026-06-15 23:00:00,23045.0,23265.516,XGBoost
2026-06-16 00:00:00,22187.0,22192.32,XGBoost
2026-06-16 01:00:00,21220.5,21437.656,XGBoost
2026-06-16 02:00:00,20330.5,20691.639,XGBoost
2026-06-16 03:00:00,19730.0,19967.105,XGBoost
2026-06-16 04:00:00,19649.5,19960.135,XGBoost
2026-06-16 05:00:00,20345.5,20438.393,XGBoost
2026-06-16 06:00:00,22187.0,22448.95,XGBoost
2026-06-16 07:00:00,25033.5,25279.682,XGBoost
2026-06-16 08:00:00,25715.0,27186.605,XGBoost
2026-06-16 09:00:00,24074.5,25753.367,XGBoost
2026-06-16 10:00:00,22379.5,22230.02,XGBoost
2026-06-16 11:00:00,21604.5,21350.396,XGBoost
2026-06-16 12:00:00,21185.5,21189.29,XGBoost
2026-06-16 13:00:00,20955.0,20977.371,XGBoost
2026-06-16 14:00:00,21197.5,21911.07,XGBoost
2026-06-16 15:00:00,22455.5,22714.22,XGBoost
2026-06-16 16:00:00,24488.0,25306.807,XGBoost
2026-06-16 17:00:00,26791.5,26712.324,XGBoost
2026-06-16 18:00:00,28089.0,29032.0,XGBoost
2026-06-16 19:00:00,27522.0,28331.742,XGBoost
2026-06-16 20:00:00,26422.0,26885.314,XGBoost
2026-06-16 21:00:00,25445.5,25639.373,XGBoost
2026-06-16 22:00:00,24088.0,24001.139,XGBoost
2026-06-16 23:00:00,22640.5,22762.412,XGBoost
2026-06-17 00:00:00,21829.5,21714.324,XGBoost
2026-06-17 01:00:00,20988.0,20992.436,XGBoost
2026-06-17 02:00:00,20022.0,20517.584,XGBoost
2026-06-17 03:00:00,19472.5,19879.695,XGBoost
2026-06-17 04:00:00,19421.5,19627.488,XGBoost
2026-06-17 05:00:00,20115.0,20203.53,XGBoost
2026-06-17 06:00:00,21921.0,22447.865,XGBoost
2026-06-17 07:00:00,24671.5,24130.188,XGBoost
2026-06-17 08:00:00,25405.0,25198.625,XGBoost
2026-06-17 09:00:00,24161.5,25502.4,XGBoost
2026-06-17 10:00:00,23107.5,22504.969,XGBoost
2026-06-17 11:00:00,22540.5,21074.229,XGBoost
2026-06-17 12:00:00,22185.0,21484.873,XGBoost
2026-06-17 13:00:00,21528.5,21572.574,XGBoost
2026-06-17 14:00:00,21464.5,21167.229,XGBoost
2026-06-17 15:00:00,22631.5,22027.7,XGBoost
2026-06-17 16:00:00,24434.5,24382.33,XGBoost
2026-06-17 17:00:00,26681.0,26652.826,XGBoost
2026-06-17 18:00:00,28068.0,28478.346,XGBoost
2026-06-17 19:00:00,27610.5,27831.121,XGBoost
2026-06-17 20:00:00,26570.5,27018.166,XGBoost
2026-06-17 21:00:00,25575.5,25743.229,XGBoost
2026-06-17 22:00:00,24272.5,24198.803,XGBoost
2026-06-17 23:00:00,22996.0,23081.586,XGBoost
2026-06-18 00:00:00,22074.0,22026.611,XGBoost
2026-06-18 01:00:00,21092.5,21200.629,XGBoost
2026-06-18 02:00:00,20079.5,20499.355,XGBoost
2026-06-18 03:00:00,19562.0,19842.396,XGBoost
2026-06-18 04:00:00,19498.5,19686.416,XGBoost
2026-06-18 05:00:00,20154.5,20318.133,XGBoost
2026-06-18 06:00:00,21963.5,22582.408,XGBoost
2026-06-18 07:00:00,24789.0,24309.904,XGBoost
2026-06-18 08:00:00,25454.0,25517.084,XGBoost
2026-06-18 09:00:00,23975.0,25659.691,XGBoost
2026-06-18 10:00:00,23030.5,22382.46,XGBoost
2026-06-18 11:00:00,22433.0,21266.264,XGBoost
2026-06-18 12:00:00,22047.5,21615.715,XGBoost
2026-06-18 13:00:00,21595.0,21545.104,XGBoost
2026-06-18 14:00:00,21891.0,21788.828,XGBoost
2026-06-18 15:00:00,23014.0,22920.44,XGBoost
2026-06-18 16:00:00,24827.5,24563.096,XGBoost
2026-06-18 17:00:00,27172.5,27208.207,XGBoost
2026-06-18 18:00:00,28614.0,29223.021,XGBoost
2026-06-18 19:00:00,28141.5,28913.676,XGBoost
2026-06-18 20:00:00,27176.5,27425.908,XGBoost
2026-06-18 21:00:00,26231.0,26315.277,XGBoost
2026-06-18 22:00:00,24822.5,24780.615,XGBoost
2026-06-18 23:00:00,23305.0,23569.896,XGBoost
2026-06-19 00:00:00,22301.0,22361.459,XGBoost
2026-06-19 01:00:00,21368.5,21375.082,XGBoost
2026-06-19 02:00:00,20427.0,20864.08,XGBoost
2026-06-19 03:00:00,19893.5,20121.83,XGBoost
2026-06-19 04:00:00,19818.0,19937.828,XGBoost
2026-06-19 05:00:00,20457.0,20532.576,XGBoost
2026-06-19 06:00:00,22150.5,22784.668,XGBoost
2026-06-19 07:00:00,24911.0,25127.117,XGBoost
2026-06-19 08:00:00,26087.5,25503.564,XGBoost
2026-06-19 09:00:00,24944.0,24906.615,XGBoost
2026-06-19 10:00:00,23196.5,23520.785,XGBoost
2026-06-19 11:00:00,22420.0,21690.766,XGBoost
2026-06-19 12:00:00,22283.0,21700.998,XGBoost
2026-06-19 13:00:00,22232.5,21764.262,XGBoost
2026-06-19 14:00:00,22404.0,21953.844,XGBoost
2026-06-19 15:00:00,23331.5,22955.41,XGBoost
2026-06-19 16:00:00,24926.5,25274.695,XGBoost
2026-06-19 17:00:00,27009.5,27331.21,XGBoost
2026-06-19 18:00:00,28075.5,28894.447,XGBoost
2026-06-19 19:00:00,27429.0,28110.906,XGBoost
2026-06-19 20:00:00,26462.0,26985.604,XGBoost
2026-06-19 21:00:00,25757.0,25745.773,XGBoost
2026-06-19 22:00:00,24607.0,24673.492,XGBoost
2026-06-19 23:00:00,23298.0,23284.744,XGBoost
2026-06-20 00:00:00,22454.0,22099.111,XGBoost
2026-06-20 01:00:00,21501.5,21346.545,XGBoost
2026-06-20 02:00:00,20409.5,20680.777,XGBoost
2026-06-20 03:00:00,19776.0,20016.91,XGBoost
2026-06-20 04:00:00,19535.5,19648.055,XGBoost
2026-06-20 05:00:00,19888.5,19845.584,XGBoost
2026-06-20 06:00:00,20779.5,20115.504,XGBoost
2026-06-20 07:00:00,21912.0,21365.08,XGBoost
2026-06-20 08:00:00,22409.0,22597.28,XGBoost
2026-06-20 09:00:00,21509.0,22422.771,XGBoost
2026-06-20 10:00:00,20003.0,20448.95,XGBoost
2026-06-20 11:00:00,19282.0,19230.168,XGBoost
2026-06-20 12:00:00,18894.0,19034.354,XGBoost
2026-06-20 13:00:00,18534.5,19173.428,XGBoost
2026-06-20 14:00:00,18639.0,19566.072,XGBoost
2026-06-20 15:00:00,20201.0,20066.467,XGBoost
2026-06-20 16:00:00,22667.5,22776.438,XGBoost
2026-06-20 17:00:00,25259.5,25173.184,XGBoost
2026-06-20 18:00:00,26683.0,26812.025,XGBoost
2026-06-20 19:00:00,26209.0,26882.48,XGBoost
2026-06-20 20:00:00,25519.5,25615.959,XGBoost
2026-06-20 21:00:00,24961.0,24604.945,XGBoost
2026-06-20 22:00:00,23918.5,23667.36,XGBoost
2026-06-20 23:00:00,22883.5,22847.795,XGBoost
2026-06-21 00:00:00,22074.0,21892.988,XGBoost
2026-06-21 01:00:00,21128.0,21099.832,XGBoost
2026-06-21 02:00:00,20121.5,20224.86,XGBoost
2026-06-21 03:00:00,19468.5,19626.848,XGBoost
2026-06-21 04:00:00,19250.5,19347.07,XGBoost
2026-06-21 05:00:00,19289.5,19644.22,XGBoost
2026-06-21 06:00:00,19896.5,19683.033,XGBoost
2026-06-21 07:00:00,21108.0,19770.707,XGBoost
2026-06-21 08:00:00,21834.0,20816.633,XGBoost
2026-06-21 09:00:00,21325.5,20947.904,XGBoost
2026-06-21 10:00:00,19853.0,19970.545,XGBoost
2026-06-21 11:00:00,18470.5,18916.275,XGBoost
2026-06-21 12:00:00,17662.0,17626.775,XGBoost
2026-06-21 13:00:00,17694.5,17932.348,XGBoost
2026-06-21 14:00:00,18616.5,18616.943,XGBoost
2026-06-21 15:00:00,20337.0,20452.098,XGBoost
2026-06-21 16:00:00,22855.0,23184.81,XGBoost
2026-06-21 17:00:00,25994.0,25716.312,XGBoost
2026-06-21 18:00:00,27882.5,27681.256,XGBoost
2026-06-21 19:00:00,27563.5,27627.375,XGBoost
2026-06-21 20:00:00,26736.0,26948.951,XGBoost
2026-06-21 21:00:00,25981.5,25531.357,XGBoost
2026-06-21 22:00:00,24548.0,24588.758,XGBoost
2026-06-21 23:00:00,23079.0,23132.607,XGBoost
2026-06-22 00:00:00,22242.0,22035.955,XGBoost
2026-06-22 01:00:00,21425.5,21260.02,XGBoost
2026-06-22 02:00:00,20562.5,20614.254,XGBoost
2026-06-22 03:00:00,20149.5,20092.88,XGBoost
2026-06-22 04:00:00,20182.5,20052.607,XGBoost
2026-06-22 05:00:00,20994.0,20710.863,XGBoost
2026-06-22 06:00:00,23125.5,22728.81,XGBoost
2026-06-22 07:00:00,26582.0,25358.275,XGBoost
2026-06-22 08:00:00,27823.0,26819.164,XGBoost
2026-06-22 09:00:00,26359.0,24491.727,XGBoost
2026-06-22 10:00:00,23770.5,23631.467,XGBoost
2026-06-22 11:00:00,21634.5,21592.898,XGBoost
2026-06-22 12:00:00,21129.5,20672.691,XGBoost
2026-06-22 13:00:00,21078.0,20887.707,XGBoost
2026-06-22 14:00:00,21493.0,21810.725,XGBoost
2026-06-22 15:00:00,23031.0,22360.107,XGBoost
2026-06-22 16:00:00,25407.0,26471.475,XGBoost
2026-06-22 17:00:00,28503.5,27775.338,XGBoost
2026-06-22 18:00:00,30570.0,30550.895,XGBoost
2026-06-22 19:00:00,30244.5,31156.65,XGBoost
2026-06-22 20:00:00,29215.0,28946.725,XGBoost
2026-06-22 21:00:00,28055.0,27614.03,XGBoost
2026-06-22 22:00:00,26233.0,25998.553,XGBoost
2026-06-22 23:00:00,24326.0,24171.645,XGBoost
2026-06-23 00:00:00,23218.5,22970.97,XGBoost
2026-06-23 01:00:00,22254.5,22157.008,XGBoost
2026-06-23 02:00:00,21381.0,21317.729,XGBoost
2026-06-23 03:00:00,20832.5,20882.316,XGBoost
2026-06-23 04:00:00,20837.0,20598.67,XGBoost
2026-06-23 05:00:00,21727.0,21503.188,XGBoost
2026-06-23 06:00:00,24062.5,23811.516,XGBoost
2026-06-23 07:00:00,27650.0,27273.83,XGBoost
2026-06-23 08:00:00,28738.5,28790.871,XGBoost
2026-06-23 09:00:00,26317.0,26679.223,XGBoost
2026-06-23 10:00:00,23371.0,23644.596,XGBoost
2026-06-23 11:00:00,21310.0,21997.432,XGBoost
2026-06-23 12:00:00,20559.5,20375.74,XGBoost
2026-06-23 13:00:00,20431.5,19839.729,XGBoost
2026-06-23 14:00:00,21061.0,20650.701,XGBoost
2026-06-23 15:00:00,22689.0,22169.084,XGBoost
2026-06-23 16:00:00,25088.0,25943.643,XGBoost
2026-06-23 17:00:00,28231.0,27989.182,XGBoost
2026-06-23 18:00:00,30349.5,30131.664,XGBoost
2026-06-23 19:00:00,30264.5,30978.494,XGBoost
2026-06-23 20:00:00,29387.0,29604.09,XGBoost
2026-06-23 21:00:00,28277.0,28336.85,XGBoost
2026-06-23 22:00:00,26482.0,26196.072,XGBoost
2026-06-23 23:00:00,24599.0,24257.81,XGBoost
2026-06-24 00:00:00,23383.0,23483.982,XGBoost
2026-06-24 01:00:00,22482.0,22125.268,XGBoost
2026-06-24 02:00:00,21462.0,21516.176,XGBoost
2026-06-24 03:00:00,20901.0,20958.008,XGBoost
2026-06-24 04:00:00,20911.0,20497.896,XGBoost
2026-06-24 05:00:00,21755.5,22178.203,XGBoost
2026-06-24 06:00:00,24118.0,23715.38,XGBoost
2026-06-24 07:00:00,27421.0,26784.217,XGBoost
2026-06-24 08:00:00,28479.5,28173.656,XGBoost
2026-06-24 09:00:00,26478.0,26240.648,XGBoost
2026-06-24 10:00:00,23829.0,23589.975,XGBoost
2026-06-24 11:00:00,21734.5,22016.723,XGBoost
2026-06-24 12:00:00,20746.0,20701.402,XGBoost
2026-06-24 13:00:00,20131.0,20049.799,XGBoost
2026-06-24 14:00:00,20421.5,19977.572,XGBoost
2026-06-24 15:00:00,22086.5,21041.117,XGBoost
2026-06-24 16:00:00,24707.5,25104.74,XGBoost
2026-06-24 17:00:00,27693.0,27323.977,XGBoost
2026-06-24 18:00:00,29596.5,29670.83,XGBoost
2026-06-24 19:00:00,29598.5,29860.88,XGBoost
2026-06-24 20:00:00,28843.5,28658.576,XGBoost
2026-06-24 21:00:00,27916.0,28235.959,XGBoost
2026-06-24 22:00:00,26203.0,26091.555,XGBoost
2026-06-24 23:00:00,24490.0,24205.664,XGBoost
2026-06-25 00:00:00,23351.5,23338.322,XGBoost
2026-06-25 01:00:00,22369.0,22113.098,XGBoost
2026-06-25 02:00:00,21438.0,21472.053,XGBoost
2026-06-25 03:00:00,20914.0,20809.098,XGBoost
2026-06-25 04:00:00,20878.5,20499.926,XGBoost
2026-06-25 05:00:00,21704.5,22155.248,XGBoost
2026-06-25 06:00:00,24000.5,23701.66,XGBoost
2026-06-25 07:00:00,27372.0,26934.047,XGBoost
2026-06-25 08:00:00,28817.0,28142.459,XGBoost
2026-06-25 09:00:00,27161.0,26050.467,XGBoost
2026-06-25 10:00:00,25063.0,24640.977,XGBoost
2026-06-25 11:00:00,23619.5,23849.664,XGBoost
2026-06-25 12:00:00,23151.5,21912.771,XGBoost
2026-06-25 13:00:00,22806.5,21577.61,XGBoost
2026-06-25 14:00:00,22601.0,22007.316,XGBoost
2026-06-25 15:00:00,23158.0,21763.38,XGBoost
2026-06-25 16:00:00,25455.5,24915.664,XGBoost
2026-06-25 17:00:00,28330.5,27265.273,XGBoost
2026-06-25 18:00:00,30330.0,29516.986,XGBoost
2026-06-25 19:00:00,30193.0,30674.158,XGBoost
2026-06-25 20:00:00,29391.0,29532.73,XGBoost
2026-06-25 21:00:00,28388.0,28174.781,XGBoost
2026-06-25 22:00:00,26581.5,25954.838,XGBoost
2026-06-25 23:00:00,24660.0,24419.184,XGBoost
2026-06-26 00:00:00,23472.0,23341.295,XGBoost
2026-06-26 01:00:00,22461.0,21955.057,XGBoost
2026-06-26 02:00:00,21411.5,21281.05,XGBoost
2026-06-26 03:00:00,20802.0,20603.402,XGBoost
2026-06-26 04:00:00,20675.0,20328.871,XGBoost
2026-06-26 05:00:00,21486.5,21189.848,XGBoost
2026-06-26 06:00:00,23528.5,23435.256,XGBoost
2026-06-26 07:00:00,26826.5,25038.441,XGBoost
2026-06-26 08:00:00,28244.5,27314.094,XGBoost
2026-06-26 09:00:00,26970.5,26049.525,XGBoost
2026-06-26 10:00:00,25324.0,25728.629,XGBoost
2026-06-26 11:00:00,23955.5,23523.23,XGBoost
2026-06-26 12:00:00,22880.5,22501.88,XGBoost
2026-06-26 13:00:00,21950.5,21638.06,XGBoost
2026-06-26 14:00:00,21574.0,21420.316,XGBoost
2026-06-26 15:00:00,22587.0,21677.729,XGBoost
2026-06-26 16:00:00,25105.0,24543.188,XGBoost
2026-06-26 17:00:00,28122.0,27600.4,XGBoost
2026-06-26 18:00:00,29657.5,29284.45,XGBoost
2026-06-26 19:00:00,29633.0,29718.193,XGBoost
2026-06-26 20:00:00,28866.5,28643.246,XGBoost
2026-06-26 21:00:00,28060.5,28266.803,XGBoost
2026-06-26 22:00:00,26597.5,26108.475,XGBoost
2026-06-26 23:00:00,24988.5,24412.51,XGBoost
2026-06-27 00:00:00,23761.5,23359.023,XGBoost
2026-06-27 01:00:00,22686.5,22375.836,XGBoost
2026-06-27 02:00:00,21532.5,21246.947,XGBoost
2026-06-27 03:00:00,20805.0,20475.238,XGBoost
2026-06-27 04:00:00,20577.5,19936.03,XGBoost
2026-06-27 05:00:00,20919.5,20482.484,XGBoost
2026-06-27 06:00:00,21766.5,21525.164,XGBoost
2026-06-27 07:00:00,23328.5,22387.03,XGBoost
2026-06-27 08:00:00,24554.5,23500.404,XGBoost
2026-06-27 09:00:00,24166.5,24092.492,XGBoost
2026-06-27 10:00:00,22758.0,23225.664,XGBoost
2026-06-27 11:00:00,21340.0,21072.68,XGBoost
2026-06-27 12:00:00,20610.5,20730.516,XGBoost
2026-06-27 13:00:00,20016.0,20413.86,XGBoost
2026-06-27 14:00:00,19996.0,19926.607,XGBoost
2026-06-27 15:00:00,21445.0,20382.19,XGBoost
2026-06-27 16:00:00,23938.0,23334.87,XGBoost
2026-06-27 17:00:00,26891.5,26636.885,XGBoost
2026-06-27 18:00:00,28712.0,28583.176,XGBoost
2026-06-27 19:00:00,28356.0,28592.145,XGBoost
2026-06-27 20:00:00,27629.5,26839.914,XGBoost
2026-06-27 21:00:00,26923.5,26754.027,XGBoost
2026-06-27 22:00:00,25818.0,25196.574,XGBoost
2026-06-27 23:00:00,24422.5,24181.828,XGBoost
2026-06-28 00:00:00,23356.0,23180.32,XGBoost
2026-06-28 01:00:00,22261.0,21928.99,XGBoost
2026-06-28 02:00:00,21127.0,21151.084,XGBoost
2026-06-28 03:00:00,20436.0,20208.314,XGBoost
2026-06-28 04:00:00,20151.5,19877.709,XGBoost
2026-06-28 05:00:00,20248.0,20414.873,XGBoost
2026-06-28 06:00:00,20895.5,21035.047,XGBoost
2026-06-28 07:00:00,22214.0,22028.47,XGBoost
2026-06-28 08:00:00,23514.5,22989.908,XGBoost
2026-06-28 09:00:00,23434.5,22378.537,XGBoost
2026-06-28 10:00:00,21985.5,21836.75,XGBoost
2026-06-28 11:00:00,20469.5,20964.412,XGBoost
2026-06-28 12:00:00,20164.0,19646.611,XGBoost
2026-06-28 13:00:00,19876.5,19554.777,XGBoost
2026-06-28 14:00:00,20192.5,19891.459,XGBoost
2026-06-28 15:00:00,21508.0,21361.775,XGBoost
2026-06-28 16:00:00,23848.5,23620.348,XGBoost
2026-06-28 17:00:00,26882.0,25898.84,XGBoost
2026-06-28 18:00:00,28823.0,28157.898,XGBoost
2026-06-28 19:00:00,28454.5,29109.588,XGBoost
2026-06-28 20:00:00,27510.0,27157.08,XGBoost
2026-06-28 21:00:00,26510.5,26371.97,XGBoost
2026-06-28 22:00:00,24937.5,24742.785,XGBoost
2026-06-28 23:00:00,23381.5,23325.223,XGBoost
2026-06-29 00:00:00,22425.0,22255.113,XGBoost
2026-06-29 01:00:00,21508.5,21404.29,XGBoost
2026-06-29 02:00:00,20632.0,20662.996,XGBoost
2026-06-29 03:00:00,20215.0,20240.195,XGBoost
2026-06-29 04:00:00,20138.0,20278.87,XGBoost
2026-06-29 05:00:00,20938.5,20761.83,XGBoost
2026-06-29 06:00:00,22876.0,22709.88,XGBoost
2026-06-29 07:00:00,25711.0,25323.953,XGBoost
2026-06-29 08:00:00,27324.0,25461.812,XGBoost
2026-06-29 09:00:00,26681.5,25243.713,XGBoost
2026-06-29 10:00:00,25477.0,24776.754,XGBoost
2026-06-29 11:00:00,24803.5,23506.139,XGBoost
2026-06-29 12:00:00,24381.5,23041.195,XGBoost
2026-06-29 13:00:00,23731.0,22954.291,XGBoost
2026-06-29 14:00:00,23674.5,22087.184,XGBoost
2026-06-29 15:00:00,24618.5,22688.219,XGBoost
2026-06-29 16:00:00,26395.0,26346.39,XGBoost
2026-06-29 17:00:00,28697.5,28315.084,XGBoost
2026-06-29 18:00:00,30169.5,29736.37,XGBoost
2026-06-29 19:00:00,29562.5,30155.105,XGBoost
2026-06-29 20:00:00,28298.5,28537.355,XGBoost
2026-06-29 21:00:00,27096.5,26954.355,XGBoost
2026-06-29 22:00:00,25411.0,25520.941,XGBoost
2026-06-29 23:00:00,23617.5,23668.715,XGBoost
2026-06-30 00:00:00,22581.0,22531.625,XGBoost
2026-06-30 01:00:00,21612.5,21399.346,XGBoost
2026-06-30 02:00:00,20759.0,20643.197,XGBoost
2026-06-30 03:00:00,20166.5,20066.89,XGBoost
2026-06-30 04:00:00,20064.5,20126.783,XGBoost
2026-06-30 05:00:00,20776.5,20753.205,XGBoost
2026-06-30 06:00:00,22775.0,22695.766,XGBoost
2026-06-30 07:00:00,25381.0,25513.23,XGBoost
2026-06-30 08:00:00,26533.5,26510.941,XGBoost
2026-06-30 09:00:00,26091.0,26417.006,XGBoost
2026-06-30 10:00:00,25378.0,24408.81,XGBoost
2026-06-30 11:00:00,25254.5,24748.488,XGBoost
2026-06-30 12:00:00,25676.5,25424.293,XGBoost
2026-06-30 13:00:00,25624.5,24384.586,XGBoost
2026-06-30 14:00:00,25645.5,23650.29,XGBoost
2026-06-30 15:00:00,25841.5,25063.201,XGBoost
2026-06-30 16:00:00,26797.5,26667.613,XGBoost
2026-06-30 17:00:00,28601.0,27519.926,XGBoost
2026-06-30 18:00:00,30082.0,28951.738,XGBoost
2026-06-30 19:00:00,29447.5,29453.531,XGBoost
2026-06-30 20:00:00,28250.0,28632.494,XGBoost
2026-06-30 21:00:00,27058.5,26912.148,XGBoost
2026-06-30 22:00:00,25457.0,25926.623,XGBoost
2026-06-30 23:00:00,23779.0,24200.662,XGBoost
2026-07-01 00:00:00,22693.0,22270.729,XGBoost
2026-07-01 01:00:00,21692.0,21278.732,XGBoost
2026-07-01 02:00:00,20771.0,20797.852,XGBoost
2026-07-01 03:00:00,20145.0,20092.799,XGBoost
2026-07-01 04:00:00,20031.0,19866.373,XGBoost
2026-07-01 05:00:00,20618.0,20820.672,XGBoost
2026-07-01 06:00:00,22392.0,22519.863,XGBoost
2026-07-01 07:00:00,24972.5,25170.633,XGBoost
2026-07-01 08:00:00,26114.5,25371.285,XGBoost
2026-07-01 09:00:00,24936.0,25497.496,XGBoost
2026-07-01 10:00:00,23065.0,23916.303,XGBoost
2026-07-01 11:00:00,21978.5,22553.97,XGBoost
2026-07-01 12:00:00,21678.5,22136.457,XGBoost
2026-07-01 13:00:00,21664.5,22492.246,XGBoost
2026-07-01 14:00:00,22732.0,22581.35,XGBoost
2026-07-01 15:00:00,24083.5,23537.672,XGBoost
2026-07-01 16:00:00,25585.0,26125.824,XGBoost
2026-07-01 17:00:00,27731.0,27189.193,XGBoost
2026-07-01 18:00:00,29165.5,29202.443,XGBoost
2026-07-01 19:00:00,28532.0,29131.957,XGBoost
2026-07-01 20:00:00,27532.5,27345.264,XGBoost
2026-07-01 21:00:00,26515.0,26522.244,XGBoost
2026-07-01 22:00:00,24986.5,24897.018,XGBoost
2026-07-01 23:00:00,23507.0,23152.484,XGBoost
2026-07-02 00:00:00,22524.5,22101.22,XGBoost
2026-07-02 01:00:00,21599.5,21323.682,XGBoost
2026-07-02 02:00:00,20627.5,20580.162,XGBoost
2026-07-02 03:00:00,20076.0,20193.35,XGBoost
2026-07-02 04:00:00,19945.5,19894.98,XGBoost
2026-07-02 05:00:00,20635.0,20522.076,XGBoost
2026-07-02 06:00:00,22460.0,22636.5,XGBoost
2026-07-02 07:00:00,24976.5,24822.117,XGBoost
2026-07-02 08:00:00,26069.0,25114.258,XGBoost
2026-07-02 09:00:00,25013.0,25244.78,XGBoost
2026-07-02 10:00:00,23681.0,22746.908,XGBoost
2026-07-02 11:00:00,23151.5,21567.451,XGBoost
2026-07-02 12:00:00,22879.0,21281.703,XGBoost
2026-07-02 13:00:00,22790.0,21477.646,XGBoost
2026-07-02 14:00:00,22927.5,21667.164,XGBoost
2026-07-02 15:00:00,23996.5,23191.857,XGBoost
2026-07-02 16:00:00,25862.5,25741.686,XGBoost
2026-07-02 17:00:00,28166.0,27760.484,XGBoost
2026-07-02 18:00:00,29591.5,29095.629,XGBoost
2026-07-02 19:00:00,29109.0,29462.938,XGBoost
2026-07-02 20:00:00,28263.5,28214.086,XGBoost
2026-07-02 21:00:00,27236.0,26907.969,XGBoost
2026-07-02 22:00:00,25743.0,25587.934,XGBoost
2026-07-02 23:00:00,24067.5,23959.104,XGBoost
2026-07-03 00:00:00,22870.5,22664.023,XGBoost
2026-07-03 01:00:00,21966.5,21633.932,XGBoost
2026-07-03 02:00:00,21055.5,20993.02,XGBoost
2026-07-03 03:00:00,20489.0,20433.816,XGBoost
2026-07-03 04:00:00,20316.0,20007.463,XGBoost
2026-07-03 05:00:00,20935.5,20615.984,XGBoost
2026-07-03 06:00:00,22725.5,22620.596,XGBoost
2026-07-03 07:00:00,25437.0,24958.412,XGBoost
2026-07-03 08:00:00,26517.0,25949.525,XGBoost
2026-07-03 09:00:00,25134.0,25988.957,XGBoost
2026-07-03 10:00:00,23530.0,23163.508,XGBoost
2026-07-03 11:00:00,22683.5,21672.908,XGBoost
2026-07-03 12:00:00,22200.0,21296.738,XGBoost
2026-07-03 13:00:00,21266.5,21174.33,XGBoost
2026-07-03 14:00:00,21140.0,21657.148,XGBoost
2026-07-03 15:00:00,22312.5,21861.06,XGBoost
2026-07-03 16:00:00,24903.5,24875.283,XGBoost
2026-07-03 17:00:00,27620.0,27391.451,XGBoost
2026-07-03 18:00:00,29136.5,29141.188,XGBoost
2026-07-03 19:00:00,28674.5,29249.027,XGBoost
2026-07-03 20:00:00,27822.0,27481.31,XGBoost
2026-07-03 21:00:00,27082.5,26725.006,XGBoost
2026-07-03 22:00:00,25735.5,25257.992,XGBoost
2026-07-03 23:00:00,24207.0,24093.951,XGBoost
2026-07-04 00:00:00,23381.5,23031.602,XGBoost
2026-07-04 01:00:00,22294.5,21994.582,XGBoost
2026-07-04 02:00:00,21286.5,21087.133,XGBoost
2026-07-04 03:00:00,20598.0,20511.186,XGBoost
2026-07-04 04:00:00,20599.5,19948.94,XGBoost
2026-07-04 05:00:00,20955.5,20604.94,XGBoost
2026-07-04 06:00:00,21854.0,21893.281,XGBoost
2026-07-04 07:00:00,23316.0,22612.893,XGBoost
2026-07-04 08:00:00,23955.5,23353.744,XGBoost
2026-07-04 09:00:00,22639.5,22869.422,XGBoost
2026-07-04 10:00:00,20393.5,20982.88,XGBoost
2026-07-04 11:00:00,18944.5,19698.629,XGBoost
2026-07-04 12:00:00,18222.5,18886.012,XGBoost
2026-07-04 13:00:00,17781.0,18403.24,XGBoost
2026-07-04 14:00:00,18354.0,18265.547,XGBoost
2026-07-04 15:00:00,19969.5,19930.186,XGBoost
2026-07-04 16:00:00,22817.5,22241.232,XGBoost
2026-07-04 17:00:00,25982.5,25832.58,XGBoost
2026-07-04 18:00:00,27752.0,27843.871,XGBoost
2026-07-04 19:00:00,27445.5,27723.898,XGBoost
2026-07-04 20:00:00,26867.0,26446.018,XGBoost
2026-07-04 21:00:00,26364.0,26026.139,XGBoost
2026-07-04 22:00:00,25357.5,25033.02,XGBoost
2026-07-04 23:00:00,24121.5,23760.354,XGBoost
2026-07-05 00:00:00,23133.0,22801.658,XGBoost
2026-07-05 01:00:00,22091.5,21806.186,XGBoost
2026-07-05 02:00:00,21101.0,20980.414,XGBoost
2026-07-05 03:00:00,20460.0,20264.398,XGBoost
2026-07-05 04:00:00,20220.0,19959.504,XGBoost
2026-07-05 05:00:00,20346.5,20449.121,XGBoost
2026-07-05 06:00:00,20945.0,21173.941,XGBoost
2026-07-05 07:00:00,22299.5,22311.207,XGBoost
2026-07-05 08:00:00,23246.0,22223.324,XGBoost
2026-07-05 09:00:00,22643.5,21046.29,XGBoost
2026-07-05 10:00:00,21140.0,21013.088,XGBoost
2026-07-05 11:00:00,19677.5,19112.912,XGBoost
2026-07-05 12:00:00,19300.5,18931.053,XGBoost
2026-07-05 13:00:00,19210.0,18981.59,XGBoost
2026-07-05 14:00:00,19790.5,19740.19,XGBoost
2026-07-05 15:00:00,21499.0,21094.441,XGBoost
2026-07-05 16:00:00,24187.0,23419.906,XGBoost
2026-07-05 17:00:00,27486.0,26215.49,XGBoost
2026-07-05 18:00:00,29483.0,28551.188,XGBoost
2026-07-05 19:00:00,29138.0,29591.58,XGBoost
2026-07-05 20:00:00,28260.0,28190.926,XGBoost
2026-07-05 21:00:00,27282.0,26860.984,XGBoost
2026-07-05 22:00:00,25669.0,25547.336,XGBoost
2026-07-05 23:00:00,23927.0,24109.432,XGBoost
2026-07-06 00:00:00,22924.5,22791.973,XGBoost
2026-07-06 01:00:00,22013.5,21950.537,XGBoost
2026-07-06 02:00:00,21108.0,21147.07,XGBoost
2026-07-06 03:00:00,20587.5,20644.111,XGBoost
2026-07-06 04:00:00,20517.5,20610.285,XGBoost
2026-07-06 05:00:00,21344.5,21138.252,XGBoost
2026-07-06 06:00:00,23425.5,22964.492,XGBoost
2026-07-06 07:00:00,26614.5,24418.809,XGBoost
2026-07-06 08:00:00,28286.5,25935.068,XGBoost
2026-07-06 09:00:00,27343.0,26154.791,XGBoost
2026-07-06 10:00:00,25082.0,24186.643,XGBoost
2026-07-06 11:00:00,23219.5,23371.424,XGBoost
2026-07-06 12:00:00,22391.0,22068.83,XGBoost
2026-07-06 13:00:00,21609.5,21646.266,XGBoost
2026-07-06 14:00:00,21571.5,20949.838,XGBoost
2026-07-06 15:00:00,22672.5,21267.922,XGBoost
2026-07-06 16:00:00,25211.0,24788.686,XGBoost
2026-07-06 17:00:00,28749.5,28391.064,XGBoost
2026-07-06 18:00:00,31206.5,30649.182,XGBoost
2026-07-06 19:00:00,30934.0,31385.086,XGBoost
2026-07-06 20:00:00,29950.0,29660.574,XGBoost
2026-07-06 21:00:00,28780.5,29037.947,XGBoost
2026-07-06 22:00:00,26942.5,26638.844,XGBoost
2026-07-06 23:00:00,25053.5,24388.574,XGBoost
2026-07-07 00:00:00,23942.0,23682.092,XGBoost
2026-07-07 01:00:00,22932.5,22796.678,XGBoost
2026-07-07 02:00:00,21877.5,21859.29,XGBoost
2026-07-07 03:00:00,21293.5,20865.723,XGBoost
2026-07-07 04:00:00,21314.0,20844.727,XGBoost
2026-07-07 05:00:00,22131.0,21700.201,XGBoost
2026-07-07 06:00:00,24224.5,24045.244,XGBoost
2026-07-07 07:00:00,27252.0,27178.83,XGBoost
2026-07-07 08:00:00,28653.0,28009.89,XGBoost
2026-07-07 09:00:00,27380.5,26605.818,XGBoost
2026-07-07 10:00:00,25165.5,26166.203,XGBoost
2026-07-07 11:00:00,23569.5,23327.6,XGBoost
2026-07-07 12:00:00,23249.0,22243.84,XGBoost
2026-07-07 13:00:00,22691.5,21682.502,XGBoost
2026-07-07 14:00:00,22909.5,21802.889,XGBoost
2026-07-07 15:00:00,23926.5,23203.928,XGBoost
2026-07-07 16:00:00,26271.0,25678.492,XGBoost
2026-07-07 17:00:00,29187.0,27728.05,XGBoost
2026-07-07 18:00:00,31439.0,31036.72,XGBoost
2026-07-07 19:00:00,31147.0,31887.705,XGBoost
2026-07-07 20:00:00,30069.0,30958.816,XGBoost
2026-07-07 21:00:00,28881.0,29130.766,XGBoost
2026-07-07 22:00:00,26938.5,27345.932,XGBoost
2026-07-07 23:00:00,25001.0,24798.727,XGBoost
2026-07-08 00:00:00,23846.0,23962.61,XGBoost
2026-07-08 01:00:00,22821.5,22671.182,XGBoost
2026-07-08 02:00:00,21853.5,21717.408,XGBoost
2026-07-08 03:00:00,21343.5,20874.078,XGBoost
2026-07-08 04:00:00,21263.0,20878.936,XGBoost
2026-07-08 05:00:00,22006.5,22175.54,XGBoost
2026-07-08 06:00:00,23993.0,23793.42,XGBoost
2026-07-08 07:00:00,26950.5,27125.15,XGBoost
2026-07-08 08:00:00,28169.0,27506.807,XGBoost
2026-07-08 09:00:00,26772.0,25987.242,XGBoost
2026-07-08 10:00:00,24571.5,25737.967,XGBoost
2026-07-08 11:00:00,22809.0,23487.61,XGBoost
2026-07-08 12:00:00,22058.5,21766.184,XGBoost
2026-07-08 13:00:00,21594.0,21174.299,XGBoost
2026-07-08 14:00:00,21472.5,21508.287,XGBoost
2026-07-08 15:00:00,22515.0,22007.14,XGBoost
2026-07-08 16:00:00,24857.0,24542.545,XGBoost
2026-07-08 17:00:00,28177.5,26826.947,XGBoost
2026-07-08 18:00:00,30348.5,29697.512,XGBoost
2026-07-08 19:00:00,30442.5,30500.477,XGBoost
2026-07-08 20:00:00,29813.5,29354.51,XGBoost
2026-07-08 21:00:00,28937.0,28267.355,XGBoost
2026-07-08 22:00:00,27407.5,27243.912,XGBoost
2026-07-08 23:00:00,25588.0,25279.14,XGBoost
2026-07-09 00:00:00,24372.0,24003.465,XGBoost
2026-07-09 01:00:00,23208.5,23050.04,XGBoost
2026-07-09 02:00:00,22162.5,21901.045,XGBoost
2026-07-09 03:00:00,21649.0,21075.21,XGBoost
2026-07-09 04:00:00,21546.5,20853.01,XGBoost
2026-07-09 05:00:00,22368.5,21539.201,XGBoost
2026-07-09 06:00:00,24298.5,23478.629,XGBoost
2026-07-09 07:00:00,27321.5,26952.44,XGBoost
2026-07-09 08:00:00,28709.0,27812.617,XGBoost
2026-07-09 09:00:00,27316.0,25906.936,XGBoost
2026-07-09 10:00:00,24561.5,25270.725,XGBoost
2026-07-09 11:00:00,22616.0,22845.861,XGBoost
2026-07-09 12:00:00,21718.0,21259.744,XGBoost
2026-07-09 13:00:00,20913.0,20622.092,XGBoost
2026-07-09 14:00:00,20865.0,20193.172,XGBoost
2026-07-09 15:00:00,22285.5,21957.078,XGBoost
2026-07-09 16:00:00,24911.0,25009.258,XGBoost
2026-07-09 17:00:00,28310.5,27175.521,XGBoost
2026-07-09 18:00:00,30738.5,29716.848,XGBoost
2026-07-09 19:00:00,30734.5,30978.717,XGBoost
2026-07-09 20:00:00,30081.0,29785.678,XGBoost
2026-07-09 21:00:00,29311.0,28872.582,XGBoost
2026-07-09 22:00:00,27637.0,27763.16,XGBoost
2026-07-09 23:00:00,25739.5,25503.07,XGBoost
2026-07-10 00:00:00,24590.0,24848.076,XGBoost
2026-07-10 01:00:00,23467.5,23287.344,XGBoost
2026-07-10 02:00:00,22407.5,21783.486,XGBoost
2026-07-10 03:00:00,21788.5,21333.0,XGBoost
2026-07-10 04:00:00,21683.5,20935.643,XGBoost
2026-07-10 05:00:00,22523.5,22512.42,XGBoost
2026-07-10 06:00:00,24627.5,23157.027,XGBoost
2026-07-10 07:00:00,27628.0,26986.87,XGBoost
2026-07-10 08:00:00,29287.0,28082.637,XGBoost
2026-07-10 09:00:00,28080.5,28583.012,XGBoost
2026-07-10 10:00:00,25370.5,25235.766,XGBoost
2026-07-10 11:00:00,23055.5,23065.871,XGBoost
2026-07-10 12:00:00,22184.5,21653.502,XGBoost
2026-07-10 13:00:00,21588.5,21066.334,XGBoost
2026-07-10 14:00:00,21269.0,21362.44,XGBoost
2026-07-10 15:00:00,22486.5,21209.213,XGBoost
2026-07-10 16:00:00,25017.0,25038.758,XGBoost
2026-07-10 17:00:00,28262.0,27626.398,XGBoost
2026-07-10 18:00:00,30129.0,29358.594,XGBoost
2026-07-10 19:00:00,29755.0,30753.4,XGBoost
2026-07-10 20:00:00,29017.0,29109.666,XGBoost
2026-07-10 21:00:00,28240.5,28376.479,XGBoost
2026-07-10 22:00:00,26946.0,26436.701,XGBoost
2026-07-10 23:00:00,25403.0,24803.312,XGBoost
2026-07-11 00:00:00,24242.0,24244.092,XGBoost
2026-07-11 01:00:00,23175.0,22529.77,XGBoost
2026-07-11 02:00:00,22148.5,21780.844,XGBoost
2026-07-11 03:00:00,21465.0,21049.803,XGBoost
2026-07-11 04:00:00,21075.0,20491.16,XGBoost
2026-07-11 05:00:00,21328.5,21201.443,XGBoost
2026-07-11 06:00:00,22261.0,21680.19,XGBoost
2026-07-11 07:00:00,23968.5,23642.04,XGBoost
2026-07-11 08:00:00,24782.0,24612.541,XGBoost
2026-07-11 09:00:00,24024.0,24147.361,XGBoost
2026-07-11 10:00:00,22492.5,22205.326,XGBoost
2026-07-11 11:00:00,20979.0,20903.66,XGBoost
2026-07-11 12:00:00,20163.0,19893.912,XGBoost
2026-07-11 13:00:00,19702.5,19590.438,XGBoost
2026-07-11 14:00:00,20058.0,19415.22,XGBoost
2026-07-11 15:00:00,21662.5,20590.695,XGBoost
2026-07-11 16:00:00,24150.0,23664.672,XGBoost
2026-07-11 17:00:00,27011.0,26338.615,XGBoost
2026-07-11 18:00:00,28749.5,28396.965,XGBoost
2026-07-11 19:00:00,28333.5,28699.291,XGBoost
2026-07-11 20:00:00,27921.0,26884.562,XGBoost
2026-07-11 21:00:00,27341.5,27013.713,XGBoost
2026-07-11 22:00:00,26205.5,25567.459,XGBoost
2026-07-11 23:00:00,24816.5,24343.348,XGBoost
2026-07-12 00:00:00,23688.5,23538.855,XGBoost
2026-07-12 01:00:00,22581.0,22282.92,XGBoost
2026-07-12 02:00:00,21415.0,21307.73,XGBoost
2026-07-12 03:00:00,20731.0,20503.05,XGBoost
2026-07-12 04:00:00,20408.5,20012.621,XGBoost
2026-07-12 05:00:00,20507.0,20208.578,XGBoost
2026-07-12 06:00:00,21198.5,21391.68,XGBoost
2026-07-12 07:00:00,22707.0,22858.273,XGBoost
2026-07-12 08:00:00,23571.0,23524.133,XGBoost
2026-07-12 09:00:00,22903.5,22809.383,XGBoost
2026-07-12 10:00:00,21318.5,21041.934,XGBoost
2026-07-12 11:00:00,20157.5,20128.965,XGBoost
2026-07-12 12:00:00,19769.5,19322.19,XGBoost
2026-07-12 13:00:00,19912.0,19656.754,XGBoost
2026-07-12 14:00:00,20289.0,20116.479,XGBoost
2026-07-12 15:00:00,21703.5,21123.389,XGBoost
2026-07-12 16:00:00,24247.5,23508.9,XGBoost
2026-07-12 17:00:00,27375.0,26391.172,XGBoost
2026-07-12 18:00:00,29519.0,29227.729,XGBoost
2026-07-12 19:00:00,29256.0,29714.217,XGBoost
2026-07-12 20:00:00,28305.0,28523.219,XGBoost
2026-07-12 21:00:00,27378.0,26888.922,XGBoost
2026-07-12 22:00:00,25797.5,25552.604,XGBoost
2026-07-12 23:00:00,24086.0,24123.666,XGBoost
2026-07-13 00:00:00,23063.5,22837.742,XGBoost
2026-07-13 01:00:00,22167.5,21735.523,XGBoost
2026-07-13 02:00:00,21337.0,21177.723,XGBoost
2026-07-13 03:00:00,20753.5,20814.592,XGBoost
2026-07-13 04:00:00,20684.0,20523.97,XGBoost
2026-07-13 05:00:00,21525.0,21314.95,XGBoost
2026-07-13 06:00:00,23716.5,22919.307,XGBoost
2026-07-13 07:00:00,26928.5,26709.398,XGBoost
2026-07-13 08:00:00,27893.0,26187.111,XGBoost
2026-07-13 09:00:00,26132.5,25939.93,XGBoost
2026-07-13 10:00:00,23900.5,23512.256,XGBoost
2026-07-13 11:00:00,22132.0,22327.604,XGBoost
2026-07-13 12:00:00,21692.0,21091.602,XGBoost
2026-07-13 13:00:00,21431.5,20933.406,XGBoost
2026-07-13 14:00:00,21793.0,21634.623,XGBoost
2026-07-13 15:00:00,23026.5,22288.838,XGBoost
2026-07-13 16:00:00,25205.0,24963.61,XGBoost
2026-07-13 17:00:00,28171.5,27860.424,XGBoost
2026-07-13 18:00:00,30515.0,30050.79,XGBoost
2026-07-13 19:00:00,30341.0,30711.934,XGBoost
2026-07-13 20:00:00,29323.5,29358.576,XGBoost
2026-07-13 21:00:00,28213.0,28469.248,XGBoost
2026-07-13 22:00:00,26365.0,26110.832,XGBoost
2026-07-13 23:00:00,24505.5,23968.326,XGBoost
2026-07-14 00:00:00,23337.0,23181.242,XGBoost
2026-07-14 01:00:00,22363.0,22048.824,XGBoost
2026-07-14 02:00:00,21419.0,21355.914,XGBoost
2026-07-14 03:00:00,20909.5,20677.332,XGBoost
2026-07-14 04:00:00,20785.0,20340.232,XGBoost
2026-07-14 05:00:00,21571.0,21066.178,XGBoost
2026-07-14 06:00:00,23871.0,23558.643,XGBoost
2026-07-14 07:00:00,27203.5,27353.72,XGBoost
2026-07-14 08:00:00,27903.0,27940.186,XGBoost
2026-07-14 09:00:00,25438.0,25915.865,XGBoost
2026-07-14 10:00:00,22953.0,23688.56,XGBoost
2026-07-14 11:00:00,21670.0,21512.25,XGBoost
2026-07-14 12:00:00,20171.5,20593.605,XGBoost
2026-07-14 13:00:00,19281.0,19110.322,XGBoost
2026-07-14 14:00:00,20122.5,20517.357,XGBoost
2026-07-14 15:00:00,21560.5,21301.223,XGBoost
2026-07-14 16:00:00,24060.5,23993.268,XGBoost
2026-07-14 17:00:00,27498.0,26503.498,XGBoost
2026-07-14 18:00:00,30092.0,30032.979,XGBoost
2026-07-14 19:00:00,30094.0,30359.0,XGBoost
2026-07-14 20:00:00,29178.0,29303.006,XGBoost
2026-07-14 21:00:00,28065.5,27851.04,XGBoost
2026-07-14 22:00:00,26380.5,25973.643,XGBoost
2026-07-14 23:00:00,24622.0,24066.777,XGBoost
2026-07-15 00:00:00,23453.5,23295.13,XGBoost
2026-07-15 01:00:00,22468.5,22005.752,XGBoost
2026-07-15 02:00:00,21593.0,21352.691,XGBoost
2026-07-15 03:00:00,21292.5,20705.88,XGBoost
2026-07-15 04:00:00,21169.0,20889.857,XGBoost
2026-07-15 05:00:00,22053.0,21498.865,XGBoost
2026-07-15 06:00:00,24495.0,23704.777,XGBoost
2026-07-15 07:00:00,27771.5,27411.932,XGBoost
2026-07-15 08:00:00,28502.0,28095.71,XGBoost
2026-07-15 09:00:00,26124.0,25822.154,XGBoost
2026-07-15 10:00:00,23145.0,23166.592,XGBoost
2026-07-15 11:00:00,20894.5,21508.482,XGBoost
2026-07-15 12:00:00,20150.5,19617.977,XGBoost
2026-07-15 13:00:00,19781.5,19759.29,XGBoost
2026-07-15 14:00:00,20430.5,19996.387,XGBoost
2026-07-15 15:00:00,22037.0,21817.371,XGBoost
2026-07-15 16:00:00,24822.0,24912.613,XGBoost
2026-07-15 17:00:00,28139.5,27443.979,XGBoost
2026-07-15 18:00:00,30607.5,30054.057,XGBoost
2026-07-15 19:00:00,30646.0,30380.0,XGBoost
2026-07-15 20:00:00,29737.5,29153.666,XGBoost
2026-07-15 21:00:00,28670.5,28161.25,XGBoost
2026-07-15 22:00:00,26853.0,26522.863,XGBoost
2026-07-15 23:00:00,25000.0,24503.54,XGBoost
2026-07-16 00:00:00,23846.0,23717.0,XGBoost
2026-07-16 01:00:00,22832.0,22696.047,XGBoost
2026-07-16 02:00:00,21906.0,21668.592,XGBoost
2026-07-16 03:00:00,21346.0,20713.09,XGBoost
2026-07-16 04:00:00,21290.5,20823.0,XGBoost
2026-07-16 05:00:00,22330.0,22161.975,XGBoost
2026-07-16 06:00:00,24617.0,24268.955,XGBoost
2026-07-16 07:00:00,27515.0,27581.037,XGBoost
2026-07-16 08:00:00,28350.5,28165.912,XGBoost
2026-07-16 09:00:00,26350.0,25729.453,XGBoost
2026-07-16 10:00:00,23944.0,23276.156,XGBoost
2026-07-16 11:00:00,22462.0,21705.92,XGBoost
2026-07-16 12:00:00,21865.5,21033.346,XGBoost
2026-07-16 13:00:00,21654.0,20876.158,XGBoost
2026-07-16 14:00:00,21681.5,21487.957,XGBoost
2026-07-16 15:00:00,22577.5,21760.002,XGBoost
2026-07-16 16:00:00,24605.5,24555.584,XGBoost
2026-07-16 17:00:00,27931.0,27015.488,XGBoost
2026-07-16 18:00:00,30346.5,29585.994,XGBoost
2026-07-16 19:00:00,30353.5,30549.066,XGBoost
2026-07-16 20:00:00,29629.5,29410.309,XGBoost
2026-07-16 21:00:00,28690.0,28330.352,XGBoost
2026-07-16 22:00:00,26947.0,26694.258,XGBoost
2026-07-16 23:00:00,25057.5,25017.217,XGBoost
2026-07-17 00:00:00,23874.0,23733.11,XGBoost
2026-07-17 01:00:00,22829.0,22644.006,XGBoost
2026-07-17 02:00:00,21824.0,21664.428,XGBoost
2026-07-17 03:00:00,21218.5,20647.814,XGBoost
2026-07-17 04:00:00,21149.5,20691.543,XGBoost
2026-07-17 05:00:00,21966.5,22058.244,XGBoost
2026-07-17 06:00:00,23947.0,23881.014,XGBoost
2026-07-17 07:00:00,27018.5,27248.688,XGBoost
2026-07-17 08:00:00,28365.5,27198.623,XGBoost
2026-07-17 09:00:00,26422.0,25755.133,XGBoost
2026-07-17 10:00:00,24165.5,23582.826,XGBoost
2026-07-17 11:00:00,22358.0,22355.62,XGBoost
2026-07-17 12:00:00,21103.0,20820.816,XGBoost
2026-07-17 13:00:00,20439.5,20322.865,XGBoost
2026-07-17 14:00:00,20431.0,20076.4,XGBoost
2026-07-17 15:00:00,21565.0,21384.168,XGBoost
2026-07-17 16:00:00,23899.0,23748.334,XGBoost
2026-07-17 17:00:00,27071.5,26295.14,XGBoost
2026-07-17 18:00:00,29242.0,28576.895,XGBoost
2026-07-17 19:00:00,29203.5,28814.77,XGBoost
2026-07-17 20:00:00,28563.0,28163.197,XGBoost
2026-07-17 21:00:00,27818.0,27540.953,XGBoost
2026-07-17 22:00:00,26653.0,26043.584,XGBoost
2026-07-17 23:00:00,25157.0,24722.506,XGBoost
2026-07-18 00:00:00,23989.0,23837.32,XGBoost
2026-07-18 01:00:00,22910.5,22636.592,XGBoost
2026-07-18 02:00:00,21810.5,21677.33,XGBoost
2026-07-18 03:00:00,21118.5,20738.088,XGBoost
2026-07-18 04:00:00,20921.5,20334.035,XGBoost
2026-07-18 05:00:00,21231.0,21703.416,XGBoost
2026-07-18 06:00:00,22086.0,22032.934,XGBoost
2026-07-18 07:00:00,23839.5,22711.225,XGBoost
2026-07-18 08:00:00,24504.0,24769.277,XGBoost
2026-07-18 09:00:00,23072.5,23951.05,XGBoost
2026-07-18 10:00:00,20729.5,20689.195,XGBoost
2026-07-18 11:00:00,19057.5,19739.656,XGBoost
2026-07-18 12:00:00,17903.5,18611.64,XGBoost
2026-07-18 13:00:00,16972.0,17726.564,XGBoost
2026-07-18 14:00:00,16761.5,17152.63,XGBoost
2026-07-18 15:00:00,18358.0,17746.91,XGBoost
2026-07-18 16:00:00,21349.0,20604.89,XGBoost
2026-07-18 17:00:00,24943.5,23917.22,XGBoost
2026-07-18 18:00:00,27373.0,27225.383,XGBoost
2026-07-18 19:00:00,27417.0,27483.506,XGBoost
2026-07-18 20:00:00,26790.0,26416.553,XGBoost
2026-07-18 21:00:00,26292.0,26050.195,XGBoost
2026-07-18 22:00:00,25348.0,25068.027,XGBoost
2026-07-18 23:00:00,24144.0,24098.498,XGBoost
2026-07-19 00:00:00,23227.0,23194.236,XGBoost
2026-07-19 01:00:00,22202.5,21809.56,XGBoost
2026-07-19 02:00:00,21198.5,21120.434,XGBoost
2026-07-19 03:00:00,20578.5,20508.053,XGBoost
2026-07-19 04:00:00,20368.5,20247.805,XGBoost
2026-07-19 05:00:00,20428.5,20311.61,XGBoost
2026-07-19 06:00:00,21107.5,21390.186,XGBoost
2026-07-19 07:00:00,22501.0,22221.781,XGBoost
2026-07-19 08:00:00,23311.5,23202.555,XGBoost
2026-07-19 09:00:00,22355.0,20925.826,XGBoost
2026-07-19 10:00:00,20624.5,20995.232,XGBoost
2026-07-19 11:00:00,19388.0,18916.695,XGBoost
2026-07-19 12:00:00,18381.0,18437.154,XGBoost
2026-07-19 13:00:00,17348.5,17894.717,XGBoost
2026-07-19 14:00:00,17548.0,17416.836,XGBoost
2026-07-19 15:00:00,19200.5,18431.2,XGBoost
2026-07-19 16:00:00,21849.5,21376.617,XGBoost
2026-07-19 17:00:00,25307.5,24699.324,XGBoost
2026-07-19 18:00:00,28042.0,28031.12,XGBoost
2026-07-19 19:00:00,27994.0,28122.59,XGBoost
2026-07-19 20:00:00,27207.5,27041.783,XGBoost
2026-07-19 21:00:00,26312.0,26014.816,XGBoost
2026-07-19 22:00:00,24849.5,24798.828,XGBoost
2026-07-19 23:00:00,23323.0,23211.945,XGBoost
2026-07-20 00:00:00,22501.5,22246.729,XGBoost
2026-07-20 01:00:00,21738.0,21314.072,XGBoost
2026-07-20 02:00:00,20829.5,20644.555,XGBoost
2026-07-20 03:00:00,20394.0,20139.074,XGBoost
2026-07-20 04:00:00,20413.5,20279.674,XGBoost
2026-07-20 05:00:00,21411.0,21165.54,XGBoost
2026-07-20 06:00:00,23852.5,23166.557,XGBoost
2026-07-20 07:00:00,27068.0,26858.963,XGBoost
2026-07-20 08:00:00,28234.0,25965.342,XGBoost
2026-07-20 09:00:00,26144.5,25521.225,XGBoost
2026-07-20 10:00:00,23501.5,23298.438,XGBoost
2026-07-20 11:00:00,21513.5,21537.43,XGBoost
2026-07-20 12:00:00,20568.0,20379.463,XGBoost
2026-07-20 13:00:00,20103.0,19945.057,XGBoost
2026-07-20 14:00:00,20101.0,20286.04,XGBoost
2026-07-20 15:00:00,21176.5,21250.842,XGBoost
2026-07-20 16:00:00,24011.0,23592.232,XGBoost
2026-07-20 17:00:00,27419.5,27053.42,XGBoost
2026-07-20 18:00:00,29958.0,30028.895,XGBoost
2026-07-20 19:00:00,29834.5,30813.893,XGBoost
2026-07-20 20:00:00,28829.5,29064.486,XGBoost
2026-07-20 21:00:00,27753.5,27336.797,XGBoost
2026-07-20 22:00:00,25979.0,26062.018,XGBoost
2026-07-20 23:00:00,24263.0,23820.225,XGBoost
2026-07-21 00:00:00,23247.0,22968.87,XGBoost
2026-07-21 01:00:00,22303.0,22003.873,XGBoost
2026-07-21 02:00:00,21385.5,21165.559,XGBoost
2026-07-21 03:00:00,21001.5,20634.232,XGBoost
2026-07-21 04:00:00,21016.0,20608.795,XGBoost
2026-07-21 05:00:00,21817.0,21492.344,XGBoost
2026-07-21 06:00:00,24145.0,23612.875,XGBoost
2026-07-21 07:00:00,27597.0,27576.74,XGBoost
2026-07-21 08:00:00,28592.5,28325.889,XGBoost
2026-07-21 09:00:00,26367.0,26253.28,XGBoost
2026-07-21 10:00:00,23759.5,23277.098,XGBoost
2026-07-21 11:00:00,21683.0,21272.242,XGBoost
2026-07-21 12:00:00,20649.0,20602.707,XGBoost
2026-07-21 13:00:00,20423.0,19697.176,XGBoost
2026-07-21 14:00:00,20796.0,20372.996,XGBoost
2026-07-21 15:00:00,22034.5,22522.43,XGBoost
2026-07-21 16:00:00,24468.5,25162.598,XGBoost
2026-07-21 17:00:00,27499.5,26936.121,XGBoost
2026-07-21 18:00:00,29910.0,29907.861,XGBoost
2026-07-21 19:00:00,29855.0,30525.758,XGBoost
2026-07-21 20:00:00,29013.5,28647.643,XGBoost
2026-07-21 21:00:00,27952.0,28104.893,XGBoost
2026-07-21 22:00:00,26138.5,25964.783,XGBoost
2026-07-21 23:00:00,24432.0,23911.361,XGBoost
2026-07-22 00:00:00,23317.5,23237.525,XGBoost
2026-07-22 01:00:00,22425.0,21958.41,XGBoost
2026-07-22 02:00:00,21489.0,21223.846,XGBoost
2026-07-22 03:00:00,20910.0,20688.979,XGBoost
2026-07-22 04:00:00,20974.0,20341.14,XGBoost
2026-07-22 05:00:00,21620.5,22057.828,XGBoost
2026-07-22 06:00:00,23737.0,23527.28,XGBoost
2026-07-22 07:00:00,27076.0,27139.984,XGBoost
2026-07-22 08:00:00,28184.5,27517.244,XGBoost
2026-07-22 09:00:00,25819.0,25785.92,XGBoost
2026-07-22 10:00:00,23281.0,23290.451,XGBoost
2026-07-22 11:00:00,21804.5,21385.135,XGBoost
2026-07-22 12:00:00,21038.0,20563.326,XGBoost
2026-07-22 13:00:00,20213.5,20167.43,XGBoost
2026-07-22 14:00:00,20416.0,20302.59,XGBoost
2026-07-22 15:00:00,21798.5,21304.531,XGBoost
2026-07-22 16:00:00,24245.5,24259.025,XGBoost
2026-07-22 17:00:00,27105.5,26745.768,XGBoost
2026-07-22 18:00:00,29384.0,29452.293,XGBoost
2026-07-22 19:00:00,29467.5,29816.273,XGBoost
2026-07-22 20:00:00,28526.5,28515.34,XGBoost
2026-07-22 21:00:00,27603.5,27563.818,XGBoost
2026-07-22 22:00:00,25960.0,25773.826,XGBoost
2026-07-22 23:00:00,24273.5,24133.162,XGBoost
2026-07-23 00:00:00,23234.5,23066.959,XGBoost
2026-07-23 01:00:00,22391.5,21929.81,XGBoost
2026-07-23 02:00:00,21540.5,21228.102,XGBoost
2026-07-23 03:00:00,21044.5,20666.824,XGBoost
2026-07-23 04:00:00,20906.0,20682.057,XGBoost
2026-07-23 05:00:00,21731.0,21197.736,XGBoost
2026-07-23 06:00:00,24022.5,23526.447,XGBoost
2026-07-23 07:00:00,27235.0,26981.865,XGBoost
2026-07-23 08:00:00,28155.5,27734.729,XGBoost
2026-07-23 09:00:00,25532.5,25455.684,XGBoost
2026-07-23 10:00:00,22491.5,23435.635,XGBoost
2026-07-23 11:00:00,20572.0,20682.035,XGBoost
2026-07-23 12:00:00,20339.0,19258.377,XGBoost
2026-07-23 13:00:00,19978.0,20029.543,XGBoost
2026-07-23 14:00:00,20047.0,20202.117,XGBoost
2026-07-23 15:00:00,21167.0,20938.967,XGBoost
2026-07-23 16:00:00,23832.5,23565.291,XGBoost
2026-07-23 17:00:00,27623.0,26480.262,XGBoost
2026-07-23 18:00:00,30579.5,30117.572,XGBoost
2026-07-23 19:00:00,30875.0,30487.783,XGBoost
2026-07-23 20:00:00,30189.0,29162.723,XGBoost
2026-07-23 21:00:00,29255.0,28937.984,XGBoost
2026-07-23 22:00:00,27396.5,26617.0,XGBoost
2026-07-23 23:00:00,25378.0,24934.182,XGBoost
2026-07-24 00:00:00,24184.0,23701.143,XGBoost
2026-07-24 01:00:00,23219.0,22905.434,XGBoost
2026-07-24 02:00:00,22343.5,21909.516,XGBoost
2026-07-24 03:00:00,21723.5,21232.965,XGBoost
2026-07-24 04:00:00,21618.5,21000.408,XGBoost
2026-07-24 05:00:00,22423.5,21926.035,XGBoost
2026-07-24 06:00:00,24740.5,23587.51,XGBoost
2026-07-24 07:00:00,28302.0,26892.855,XGBoost
2026-07-24 08:00:00,29162.0,28292.957,XGBoost
2026-07-24 09:00:00,26297.5,25657.42,XGBoost
2026-07-24 10:00:00,23390.5,23121.297,XGBoost
2026-07-24 11:00:00,21865.5,21400.6,XGBoost
2026-07-24 12:00:00,21195.0,20510.33,XGBoost
2026-07-24 13:00:00,20704.0,20586.658,XGBoost
2026-07-24 14:00:00,20931.0,20953.57,XGBoost
2026-07-24 15:00:00,22075.5,21959.896,XGBoost
2026-07-24 16:00:00,25114.5,24483.914,XGBoost
2026-07-24 17:00:00,28432.0,28100.643,XGBoost
2026-07-24 18:00:00,30653.0,30402.166,XGBoost
2026-07-24 19:00:00,30444.0,30909.6,XGBoost
2026-07-24 20:00:00,29665.0,29713.232,XGBoost
2026-07-24 21:00:00,28870.0,28315.86,XGBoost
2026-07-24 22:00:00,27415.0,27649.965,XGBoost
2026-07-24 23:00:00,25584.5,25297.936,XGBoost
2026-07-25 00:00:00,24226.5,23934.738,XGBoost
2026-07-25 01:00:00,22928.5,22608.992,XGBoost
2026-07-25 02:00:00,21915.5,21697.777,XGBoost
2026-07-25 03:00:00,21297.5,20913.393,XGBoost
2026-07-25 04:00:00,20930.5,20519.178,XGBoost
2026-07-25 05:00:00,21107.0,21533.13,XGBoost
2026-07-25 06:00:00,22068.0,21629.678,XGBoost
2026-07-25 07:00:00,23881.0,22680.025,XGBoost
2026-07-25 08:00:00,24513.5,24725.21,XGBoost
2026-07-25 09:00:00,23062.0,23768.059,XGBoost
2026-07-25 10:00:00,21028.0,20535.271,XGBoost
2026-07-25 11:00:00,19331.5,19415.354,XGBoost
2026-07-25 12:00:00,18193.5,19030.07,XGBoost
2026-07-25 13:00:00,17292.5,18264.756,XGBoost
2026-07-25 14:00:00,17521.0,17359.717,XGBoost
2026-07-25 15:00:00,18899.0,18688.127,XGBoost
2026-07-25 16:00:00,21648.5,21276.12,XGBoost
2026-07-25 17:00:00,25110.0,24363.963,XGBoost
2026-07-25 18:00:00,27486.5,28296.926,XGBoost
2026-07-25 19:00:00,27500.0,27496.48,XGBoost
2026-07-25 20:00:00,26865.0,26609.867,XGBoost
2026-07-25 21:00:00,26336.5,25882.889,XGBoost
2026-07-25 22:00:00,25274.5,25673.207,XGBoost
2026-07-25 23:00:00,24057.5,24092.64,XGBoost
